entity,our_id,source,source_field,source_id,relation,anchor_lon,anchor_lat,first_seen,status
lake,L-000001,usgs_3dhp_waterbody,id3dhp,IRU5Z,same,-83.462142,42.489924,2026-10-06,active
lake,L-000002,ifr_lake_deep_points,NewKey,63-416,same,-83.275304,42.590379,2026-10-06,active
lake,L-000002,usgs_3dhp_waterbody,id3dhp,IRU67,same,-83.271871,42.591710,2026-10-06,active
lake,L-000003,usgs_3dhp_waterbody,id3dhp,IRU68,same,-83.231635,42.588259,2026-10-06,active
lake,L-000004,usgs_3dhp_waterbody,id3dhp,IRUG9,same,-83.399048,42.566146,2026-10-06,active
lake,L-000005,usgs_3dhp_waterbody,id3dhp,IRUPL,same,-83.444690,42.459036,2026-10-06,active
lake,L-000006,usgs_3dhp_waterbody,id3dhp,IRYHR,same,-83.219521,42.789714,2026-10-06,active
lake,L-000007,usgs_3dhp_waterbody,id3dhp,IRYHX,same,-83.246488,42.815082,2026-10-06,active
lake,L-000008,ifr_lake_deep_points,NewKey,63-915,same,-83.433759,42.639780,2026-10-06,active
lake,L-000008,usgs_3dhp_waterbody,id3dhp,IRYI0,same,-83.435571,42.641032,2026-10-06,active
lake,L-000009,usgs_3dhp_waterbody,id3dhp,IRYN3,same,-83.306375,42.658842,2026-10-06,active
lake,L-000010,usgs_3dhp_waterbody,id3dhp,IRYN4,same,-83.272427,42.812657,2026-10-06,active
lake,L-000011,ifr_lake_deep_points,NewKey,63-1246,same,-83.271775,42.775871,2026-10-06,active
lake,L-000011,usgs_3dhp_waterbody,id3dhp,IRYN8,same,-83.274012,42.774190,2026-10-06,active
lake,L-000012,usgs_3dhp_waterbody,id3dhp,IRYNB,same,-83.278136,42.837877,2026-10-06,active
lake,L-000013,usgs_3dhp_waterbody,id3dhp,IRYSW,same,-83.469409,42.743465,2026-10-06,active
lake,L-000014,ifr_lake_deep_points,NewKey,63-1708,same,-83.196480,42.795571,2026-10-06,active
lake,L-000014,usgs_3dhp_waterbody,id3dhp,IRYSY,same,-83.199279,42.797098,2026-10-06,active
lake,L-000015,usgs_3dhp_waterbody,id3dhp,IRZAF,same,-83.287396,42.844239,2026-10-06,active
lake,L-000016,dnr_hydro_poly,GlobalID,15e1fac6-538f-4b5b-985a-9ab966e6016e,same,-83.432379,42.690266,2026-10-06,active
lake,L-000016,ifr_lake_deep_points,NewKey,63-856,same,-83.431629,42.688301,2026-10-06,active
lake,L-000016,usgs_3dhp_waterbody,id3dhp,IRZAG,same,-83.421782,42.693113,2026-10-06,active
lake,L-000017,usgs_3dhp_waterbody,id3dhp,IRZAH,same,-83.119493,42.767874,2026-10-06,active
lake,L-000018,ifr_lake_deep_points,NewKey,63-1179,same,-83.417195,42.754325,2026-10-06,active
lake,L-000018,usgs_3dhp_waterbody,id3dhp,IRZAL,same,-83.415049,42.754622,2026-10-06,active
lake,L-000019,usgs_3dhp_waterbody,id3dhp,IRZAT,same,-83.224463,42.739591,2026-10-06,active
lake,L-000020,ifr_lake_deep_points,NewKey,63-934,same,-83.341677,42.617308,2026-10-06,active
lake,L-000020,usgs_3dhp_waterbody,id3dhp,IRZGJ,same,-83.334486,42.624203,2026-10-06,active
lake,L-000021,usgs_3dhp_waterbody,id3dhp,IRZGK,same,-83.104091,42.628173,2026-10-06,active
lake,L-000022,usgs_3dhp_waterbody,id3dhp,IRZGP,same,-83.160353,42.866112,2026-10-06,active
lake,L-000023,usgs_3dhp_waterbody,id3dhp,IRZM9,same,-83.121668,42.609900,2026-10-06,active
lake,L-000024,usgs_3dhp_waterbody,id3dhp,IRZMA,same,-83.378135,42.790116,2026-10-06,active
lake,L-000025,ifr_lake_deep_points,NewKey,63-1281,same,-83.199457,42.785879,2026-10-06,active
lake,L-000025,usgs_3dhp_waterbody,id3dhp,IRZMB,same,-83.198717,42.786622,2026-10-06,active
lake,L-000026,usgs_3dhp_waterbody,id3dhp,IRZMF,same,-83.317809,42.624698,2026-10-06,active
lake,L-000027,usgs_3dhp_waterbody,id3dhp,IRZSD,same,-83.320017,42.791809,2026-10-06,active
lake,L-000028,usgs_3dhp_waterbody,id3dhp,IS03X,same,-83.299266,42.780445,2026-10-06,active
lake,L-000029,ifr_lake_deep_points,NewKey,63-849,same,-83.389197,42.697266,2026-10-06,active
lake,L-000029,usgs_3dhp_waterbody,id3dhp,IS03Y,same,-83.386964,42.697947,2026-10-06,active
lake,L-000030,usgs_3dhp_waterbody,id3dhp,IS041,same,-83.377256,42.744008,2026-10-06,active
lake,L-000031,ifr_lake_deep_points,NewKey,63-1775,same,-83.216448,42.784551,2026-10-06,active
lake,L-000031,usgs_3dhp_waterbody,id3dhp,IS042,same,-83.215429,42.783384,2026-10-06,active
lake,L-000032,usgs_3dhp_waterbody,id3dhp,IS09M,same,-83.343049,42.694914,2026-10-06,active
lake,L-000033,usgs_3dhp_waterbody,id3dhp,IS09Q,same,-83.355303,42.787488,2026-10-06,active
lake,L-000034,usgs_3dhp_waterbody,id3dhp,IS0EX,same,-83.129290,42.839246,2026-10-06,active
lake,L-000035,usgs_3dhp_waterbody,id3dhp,IS0F2,same,-83.411757,42.704712,2026-10-06,active
lake,L-000036,usgs_3dhp_waterbody,id3dhp,IS0F4,same,-83.296157,42.851445,2026-10-06,active
lake,L-000037,ifr_lake_deep_points,NewKey,63-1184,same,-83.433501,42.731888,2026-10-06,active
lake,L-000037,usgs_3dhp_waterbody,id3dhp,IS0F8,same,-83.434307,42.734637,2026-10-06,active
lake,L-000038,usgs_3dhp_waterbody,id3dhp,IS0FA,same,-83.328684,42.782433,2026-10-06,active
lake,L-000039,usgs_3dhp_waterbody,id3dhp,IS0FB,same,-83.180269,42.860557,2026-10-06,active
lake,L-000040,ifr_lake_deep_points,NewKey,63-925,same,-83.389272,42.631493,2026-10-06,active
lake,L-000040,usgs_3dhp_waterbody,id3dhp,IS0QL,same,-83.382154,42.631192,2026-10-06,active
lake,L-000041,ifr_lake_deep_points,NewKey,63-859,same,-83.406594,42.685234,2026-10-06,active
lake,L-000041,usgs_3dhp_waterbody,id3dhp,IS0WH,same,-83.404932,42.684850,2026-10-06,active
lake,L-000042,usgs_3dhp_waterbody,id3dhp,IS0WM,same,-83.414242,42.749515,2026-10-06,active
lake,L-000043,usgs_3dhp_waterbody,id3dhp,ITTVH,same,-83.556571,42.834755,2026-10-06,active
lake,L-000044,ifr_lake_deep_points,NewKey,63-1422,same,-83.542779,42.818188,2026-10-06,active
lake,L-000044,usgs_3dhp_waterbody,id3dhp,ITU6F,same,-83.545332,42.819906,2026-10-06,active
lake,L-000045,ifr_lake_deep_points,NewKey,63-1480,same,-83.429575,42.822749,2026-10-06,active
lake,L-000045,usgs_3dhp_waterbody,id3dhp,ITUBD,same,-83.430809,42.821575,2026-10-06,active
lake,L-000046,usgs_3dhp_waterbody,id3dhp,ITUBI,same,-83.561604,42.847700,2026-10-06,active
lake,L-000047,ifr_lake_deep_points,NewKey,63-1366,same,-83.667124,42.807616,2026-10-06,active
lake,L-000047,usgs_3dhp_waterbody,id3dhp,ITUGF,same,-83.665988,42.806177,2026-10-06,active
lake,L-000048,usgs_3dhp_waterbody,id3dhp,ITUW9,same,-83.403188,42.829369,2026-10-06,active
lake,L-000049,usgs_3dhp_waterbody,id3dhp,ITV0T,same,-83.594072,42.748758,2026-10-06,active
lake,L-000050,usgs_3dhp_waterbody,id3dhp,ITV5S,same,-83.678323,42.782103,2026-10-06,active
lake,L-000051,usgs_3dhp_waterbody,id3dhp,ITV6O,same,-83.213122,42.877255,2026-10-06,active
lake,L-000052,usgs_3dhp_waterbody,id3dhp,ITV6R,same,-83.593953,42.859731,2026-10-06,active
lake,L-000053,usgs_3dhp_waterbody,id3dhp,ITVAU,same,-83.609017,42.779527,2026-10-06,active
lake,L-000054,ifr_lake_deep_points,NewKey,63-1014,same,-83.585592,42.777747,2026-10-06,active
lake,L-000054,usgs_3dhp_waterbody,id3dhp,ITVAX,same,-83.583954,42.777509,2026-10-06,active
lake,L-000055,usgs_3dhp_waterbody,id3dhp,ITVB9,same,-83.390798,42.873600,2026-10-06,active
lake,L-000056,usgs_3dhp_waterbody,id3dhp,ITVFF,same,-83.538002,42.751741,2026-10-06,active
lake,L-000057,usgs_3dhp_waterbody,id3dhp,ITVKB,same,-83.620188,42.713698,2026-10-06,active
lake,L-000058,usgs_3dhp_waterbody,id3dhp,ITVKJ,same,-83.493582,42.738090,2026-10-06,active
lake,L-000059,usgs_3dhp_waterbody,id3dhp,ITVPL,same,-83.620805,42.744952,2026-10-06,active
lake,L-000060,usgs_3dhp_waterbody,id3dhp,ITVPM,same,-83.655968,42.700524,2026-10-06,active
lake,L-000061,ifr_lake_deep_points,NewKey,63-1359,same,-83.618594,42.800230,2026-10-06,active
lake,L-000061,usgs_3dhp_waterbody,id3dhp,ITVUD,same,-83.615142,42.804439,2026-10-06,active
lake,L-000062,ifr_lake_deep_points,NewKey,63-1362,same,-83.632289,42.802980,2026-10-06,active
lake,L-000062,usgs_3dhp_waterbody,id3dhp,ITVZR,same,-83.629835,42.801373,2026-10-06,active
lake,L-000063,usgs_3dhp_waterbody,id3dhp,ITVZV,same,-83.641504,42.867833,2026-10-06,active
lake,L-000064,usgs_3dhp_waterbody,id3dhp,IY0CW,same,-83.469025,42.700862,2026-10-06,active
lake,L-000065,ifr_lake_deep_points,NewKey,63-1144,same,-83.522187,42.720283,2026-10-06,active
lake,L-000065,usgs_3dhp_waterbody,id3dhp,IY0D0,same,-83.520262,42.722311,2026-10-06,active
lake,L-000066,usgs_3dhp_waterbody,id3dhp,IY60E,same,-83.658174,42.603405,2026-10-06,active
lake,L-000067,usgs_3dhp_waterbody,id3dhp,IY60H,same,-83.517390,42.633912,2026-10-06,active
lake,L-000068,usgs_3dhp_waterbody,id3dhp,IY60M,same,-83.525839,42.637202,2026-10-06,active
lake,L-000069,usgs_3dhp_waterbody,id3dhp,IY664,same,-83.525205,42.609163,2026-10-06,active
lake,L-000070,usgs_3dhp_waterbody,id3dhp,IY66C,same,-83.472212,42.663265,2026-10-06,active
lake,L-000071,usgs_3dhp_waterbody,id3dhp,IY66E,same,-83.509876,42.641703,2026-10-06,active
lake,L-000072,usgs_3dhp_waterbody,id3dhp,IY6BG,same,-83.604023,42.660860,2026-10-06,active
lake,L-000073,usgs_3dhp_waterbody,id3dhp,IY6BI,same,-83.574635,42.572712,2026-10-06,active
lake,L-000074,usgs_3dhp_waterbody,id3dhp,IY6BM,same,-83.678775,42.580208,2026-10-06,active
lake,L-000075,usgs_3dhp_waterbody,id3dhp,IY6KU,same,-83.585854,42.530789,2026-10-06,active
lake,L-000076,ifr_lake_deep_points,NewKey,63-789,same,-83.474253,42.629322,2026-10-06,active
lake,L-000076,usgs_3dhp_waterbody,id3dhp,IY6KX,same,-83.479543,42.630114,2026-10-06,active
lake,L-000077,ifr_lake_deep_points,NewKey,63-266,same,-83.475446,42.574545,2026-10-06,active
lake,L-000077,usgs_3dhp_waterbody,id3dhp,IY6PV,same,-83.475555,42.574552,2026-10-06,active
lake,L-000078,usgs_3dhp_waterbody,id3dhp,IY79W,same,-83.528307,42.584814,2026-10-06,active
lake,L-000079,ifr_lake_deep_points,NewKey,63-258,same,-83.461996,42.585086,2026-10-06,active
lake,L-000079,usgs_3dhp_waterbody,id3dhp,IY79Y,same,-83.450883,42.586048,2026-10-06,active
lake,L-000080,usgs_3dhp_waterbody,id3dhp,IY7EV,same,-83.536889,42.585909,2026-10-06,active
lake,L-000081,usgs_3dhp_waterbody,id3dhp,IY7F0,same,-83.601632,42.527881,2026-10-06,active
lake,L-000082,usgs_3dhp_waterbody,id3dhp,IY7JW,same,-83.643973,42.668820,2026-10-06,active
lake,L-000083,ifr_lake_deep_points,NewKey,63-318,same,-83.529453,42.547829,2026-10-06,active
lake,L-000083,usgs_3dhp_waterbody,id3dhp,IY7JX,same,-83.527832,42.548486,2026-10-06,active
lake,L-000084,ifr_lake_deep_points,NewKey,63-813,same,-83.551408,42.626496,2026-10-06,active
lake,L-000084,usgs_3dhp_waterbody,id3dhp,IY7ON,same,-83.551222,42.627816,2026-10-06,active
lake,L-000085,usgs_3dhp_waterbody,id3dhp,IZ16G,same,-83.456492,42.456826,2026-10-06,active
lake,L-000086,usgs_3dhp_waterbody,id3dhp,J1WSD,same,-83.672064,42.696153,2026-10-06,active
lake,L-000087,ifr_lake_deep_points,NewKey,63-231,same,-83.462161,42.611012,2026-10-06,active
lake,L-000087,usgs_3dhp_waterbody,id3dhp,J1XX3,same,-83.456873,42.610267,2026-10-06,active
lake,L-000088,ifr_lake_deep_points,NewKey,63-2,same,-83.664909,42.522969,2026-10-06,active
lake,L-000088,usgs_3dhp_waterbody,id3dhp,J27Y2,same,-83.633843,42.537996,2026-10-06,active
lake,L-000089,usgs_3dhp_waterbody,id3dhp,J2999,same,-83.545854,42.755370,2026-10-06,active
lake,L-000090,usgs_3dhp_waterbody,id3dhp,J2KEO,same,-83.422921,42.816571,2026-10-06,active
lake,L-000091,usgs_3dhp_waterbody,id3dhp,J2KX2,same,-83.099188,42.759922,2026-10-06,active
lake,L-000092,ifr_lake_deep_points,NewKey,63-1047,same,-83.677843,42.716534,2026-10-06,active
lake,L-000092,usgs_3dhp_waterbody,id3dhp,J3H94,same,-83.677378,42.716706,2026-10-06,active
lake,L-000093,usgs_3dhp_waterbody,id3dhp,J3N3D,same,-83.645390,42.615171,2026-10-06,active
lake,L-000094,usgs_3dhp_waterbody,id3dhp,J3NXQ,same,-83.630612,42.670504,2026-10-06,active
lake,L-000095,usgs_3dhp_waterbody,id3dhp,J40F8,same,-83.377801,42.778056,2026-10-06,active
lake,L-000096,usgs_3dhp_waterbody,id3dhp,J42A0,same,-83.581951,42.488300,2026-10-06,active
lake,L-000097,usgs_3dhp_waterbody,id3dhp,J44RG,same,-83.468304,42.505944,2026-10-06,active
lake,L-000098,ifr_lake_deep_points,NewKey,63-731,same,-83.455136,42.667306,2026-10-06,active
lake,L-000098,usgs_3dhp_waterbody,id3dhp,J496K,same,-83.454702,42.667565,2026-10-06,active
lake,L-000099,usgs_3dhp_waterbody,id3dhp,J4B0J,same,-83.385029,42.570706,2026-10-06,active
lake,L-000100,usgs_3dhp_waterbody,id3dhp,J53R3,same,-83.399239,42.676479,2026-10-06,active
lake,L-000101,usgs_3dhp_waterbody,id3dhp,J59ZL,same,-83.633815,42.743800,2026-10-06,active
lake,L-000102,usgs_3dhp_waterbody,id3dhp,J5AKB,same,-83.325673,42.844379,2026-10-06,active
lake,L-000103,usgs_3dhp_waterbody,id3dhp,J63PF,same,-83.525406,42.821172,2026-10-06,active
lake,L-000104,usgs_3dhp_waterbody,id3dhp,J6H0T,same,-83.299821,42.583324,2026-10-06,active
lake,L-000105,usgs_3dhp_waterbody,id3dhp,J7SVO,same,-83.553220,42.870879,2026-10-06,active
lake,L-000106,usgs_3dhp_waterbody,id3dhp,J7Z0Y,same,-83.301135,42.859748,2026-10-06,active
lake,L-000107,usgs_3dhp_waterbody,id3dhp,J7ZIQ,same,-83.134118,42.599895,2026-10-06,active
lake,L-000108,usgs_3dhp_waterbody,id3dhp,J7ZNC,same,-83.524480,42.584933,2026-10-06,active
lake,L-000109,usgs_3dhp_waterbody,id3dhp,J8WOD,same,-83.395954,42.672352,2026-10-06,active
lake,L-000110,usgs_3dhp_waterbody,id3dhp,J94I7,same,-83.153615,42.846460,2026-10-06,active
lake,L-000111,ifr_lake_deep_points,NewKey,63-644,same,-83.594780,42.644244,2026-10-06,active
lake,L-000111,usgs_3dhp_waterbody,id3dhp,J95LZ,same,-83.590209,42.645025,2026-10-06,active
lake,L-000112,usgs_3dhp_waterbody,id3dhp,JAB8R,same,-83.668432,42.814835,2026-10-06,active
lake,L-000113,usgs_3dhp_waterbody,id3dhp,JAHOF,same,-83.320728,42.595909,2026-10-06,active
lake,L-000114,usgs_3dhp_waterbody,id3dhp,JBA1Q,same,-83.241386,42.821776,2026-10-06,active
lake,L-000115,ifr_lake_deep_points,NewKey,63-1690,same,-83.313752,42.539913,2026-10-06,active
lake,L-000115,usgs_3dhp_waterbody,id3dhp,JBJ1V,same,-83.313373,42.540384,2026-10-06,active
lake,L-000116,usgs_3dhp_waterbody,id3dhp,JBPSZ,same,-83.609454,42.652507,2026-10-06,active
lake,L-000117,usgs_3dhp_waterbody,id3dhp,JBYMM,same,-83.611723,42.809369,2026-10-06,active
lake,L-000118,ifr_lake_deep_points,NewKey,63-1221,same,-83.250012,42.781070,2026-10-06,active
lake,L-000118,usgs_3dhp_waterbody,id3dhp,JCEZ4,same,-83.258483,42.783050,2026-10-06,active
lake,L-000119,ifr_lake_deep_points,NewKey,63-1327,same,-83.608214,42.843600,2026-10-06,active
lake,L-000119,usgs_3dhp_waterbody,id3dhp,JCQ7V,same,-83.607786,42.842776,2026-10-06,active
lake,L-000120,usgs_3dhp_waterbody,id3dhp,JDDP6,same,-83.273536,42.851473,2026-10-06,active
lake,L-000121,usgs_3dhp_waterbody,id3dhp,JEBHU,same,-83.634456,42.856649,2026-10-06,active
lake,L-000122,ifr_lake_deep_points,NewKey,50-175,same,-83.087964,42.718330,2026-10-06,active
lake,L-000122,ifr_lake_deep_points,NewKey,50-227,same,-83.087935,42.718141,2026-10-06,active
lake,L-000122,usgs_3dhp_waterbody,id3dhp,JEE4B,same,-83.086978,42.727026,2026-10-06,active
lake,L-000123,usgs_3dhp_waterbody,id3dhp,JF18S,same,-83.578839,42.803144,2026-10-06,active
lake,L-000124,ifr_lake_deep_points,NewKey,63-238,same,-83.479640,42.609285,2026-10-06,active
lake,L-000124,usgs_3dhp_waterbody,id3dhp,JFM1J,same,-83.476184,42.610860,2026-10-06,active
lake,L-000125,usgs_3dhp_waterbody,id3dhp,JFV1U,same,-83.381983,42.561960,2026-10-06,active
lake,L-000126,ifr_lake_deep_points,NewKey,63-340,same,-83.417033,42.591897,2026-10-06,active
lake,L-000126,usgs_3dhp_waterbody,id3dhp,JH1PU,same,-83.418493,42.594050,2026-10-06,active
lake,L-000127,usgs_3dhp_waterbody,id3dhp,JI6HI,same,-83.140191,42.792483,2026-10-06,active
lake,L-000128,usgs_3dhp_waterbody,id3dhp,JI8KY,same,-83.608217,42.644160,2026-10-06,active
lake,L-000129,usgs_3dhp_waterbody,id3dhp,JII1Y,same,-83.284442,42.782334,2026-10-06,active
lake,L-000130,ifr_lake_deep_points,NewKey,63-1580-GRP,same,-83.292886,42.813254,2026-10-06,active
lake,L-000130,ifr_lake_deep_points,NewKey,63-1581,same,-83.290755,42.817966,2026-10-06,active
lake,L-000130,usgs_3dhp_waterbody,id3dhp,JISND,same,-83.290630,42.817560,2026-10-06,active
lake,L-000131,usgs_3dhp_waterbody,id3dhp,JJFZ8,same,-83.568417,42.619830,2026-10-06,active
lake,L-000132,ifr_lake_deep_points,NewKey,3-256-S,same,-83.489298,42.582372,2026-10-06,active
lake,L-000132,ifr_lake_deep_points,NewKey,63-256-N,same,-83.489158,42.582459,2026-10-06,active
lake,L-000132,ifr_lake_deep_points,NewKey,63-256-S,same,-83.492567,42.581270,2026-10-06,active
lake,L-000132,usgs_3dhp_waterbody,id3dhp,JJXUW,same,-83.491952,42.582998,2026-10-06,active
lake,L-000133,usgs_3dhp_waterbody,id3dhp,JK2IP,same,-83.516034,42.612711,2026-10-06,active
lake,L-000134,usgs_3dhp_waterbody,id3dhp,JK5MC,same,-83.331509,42.561421,2026-10-06,active
lake,L-000135,usgs_3dhp_waterbody,id3dhp,JKAGE,same,-83.569176,42.844223,2026-10-06,active
lake,L-000136,usgs_3dhp_waterbody,id3dhp,JKNC0,same,-83.649449,42.674485,2026-10-06,active
lake,L-000137,usgs_3dhp_waterbody,id3dhp,JKQRH,same,-83.253711,42.820117,2026-10-06,active
lake,L-000138,usgs_3dhp_waterbody,id3dhp,JKQVB,same,-83.627983,42.861923,2026-10-06,active
lake,L-000139,usgs_3dhp_waterbody,id3dhp,JL0KU,same,-83.580167,42.476821,2026-10-06,active
lake,L-000140,ifr_lake_deep_points,NewKey,63-1220,same,-83.233944,42.791924,2026-10-06,active
lake,L-000140,usgs_3dhp_waterbody,id3dhp,JL2Y0,same,-83.232282,42.791648,2026-10-06,active
lake,L-000141,usgs_3dhp_waterbody,id3dhp,JLI2E,same,-83.165635,42.807725,2026-10-06,active
lake,L-000142,usgs_3dhp_waterbody,id3dhp,JM6D1,same,-83.374578,42.854725,2026-10-06,active
lake,L-000143,usgs_3dhp_waterbody,id3dhp,JM8FE,same,-83.589799,42.800082,2026-10-06,active
lake,L-000144,ifr_lake_deep_points,NewKey,63-344,same,-83.366490,42.583084,2026-10-06,active
lake,L-000144,usgs_3dhp_waterbody,id3dhp,JMAYP,same,-83.369010,42.586811,2026-10-06,active
lake,L-000145,usgs_3dhp_waterbody,id3dhp,JMCXD,same,-83.375912,42.649103,2026-10-06,active
lake,L-000146,usgs_3dhp_waterbody,id3dhp,JMF30,same,-83.240621,42.830174,2026-10-06,active
lake,L-000147,usgs_3dhp_waterbody,id3dhp,JMSM1,same,-83.291281,42.587186,2026-10-06,active
lake,L-000148,usgs_3dhp_waterbody,id3dhp,JMWBA,same,-83.298263,42.550358,2026-10-06,active
lake,L-000149,usgs_3dhp_waterbody,id3dhp,JMZL5,same,-83.234367,42.563926,2026-10-06,active
lake,L-000150,ifr_lake_deep_points,NewKey,44-79,same,-83.375245,42.885650,2026-10-06,active
lake,L-000150,usgs_3dhp_waterbody,id3dhp,JN3VN,same,-83.376467,42.884268,2026-10-06,active
lake,L-000151,usgs_3dhp_waterbody,id3dhp,JNJCZ,same,-83.274234,42.761985,2026-10-06,active
lake,L-000152,ifr_lake_deep_points,NewKey,63-1328,same,-83.602211,42.845188,2026-10-06,active
lake,L-000152,usgs_3dhp_waterbody,id3dhp,JNNON,same,-83.601371,42.844614,2026-10-06,active
lake,L-000153,usgs_3dhp_waterbody,id3dhp,JO0N4,same,-83.492419,42.766488,2026-10-06,active
lake,L-000154,usgs_3dhp_waterbody,id3dhp,JO6SA,same,-83.618918,42.811279,2026-10-06,active
lake,L-000155,usgs_3dhp_waterbody,id3dhp,JO7C7,same,-83.222241,42.834472,2026-10-06,active
lake,L-000156,usgs_3dhp_waterbody,id3dhp,JO7G2,same,-83.619945,42.532750,2026-10-06,active
lake,L-000157,usgs_3dhp_waterbody,id3dhp,JPI0G,same,-83.158155,42.889634,2026-10-06,active
lake,L-000158,ifr_lake_deep_points,NewKey,63-1481,same,-83.442362,42.822291,2026-10-06,active
lake,L-000158,usgs_3dhp_waterbody,id3dhp,JPR5G,same,-83.440752,42.819618,2026-10-06,active
lake,L-000159,usgs_3dhp_waterbody,id3dhp,JQ8IP,same,-83.262134,42.864141,2026-10-06,active
lake,L-000160,usgs_3dhp_waterbody,id3dhp,JQWVR,same,-83.293810,42.833358,2026-10-06,active
lake,L-000161,ifr_lake_deep_points,NewKey,63-846,same,-83.360708,42.700602,2026-10-06,active
lake,L-000161,usgs_3dhp_waterbody,id3dhp,JR3UB,same,-83.359046,42.700761,2026-10-06,active
lake,L-000162,usgs_3dhp_waterbody,id3dhp,JRYJP,same,-83.483887,42.574017,2026-10-06,active
lake,L-000163,ifr_lake_deep_points,NewKey,63-673,same,-83.608062,42.625548,2026-10-06,active
lake,L-000163,usgs_3dhp_waterbody,id3dhp,JSV4P,same,-83.609570,42.624871,2026-10-06,active
lake,L-000164,usgs_3dhp_waterbody,id3dhp,JSXW3,same,-83.150396,42.880685,2026-10-06,active
lake,L-000165,usgs_3dhp_waterbody,id3dhp,JV0QB,same,-83.444647,42.492016,2026-10-06,active
lake,L-000166,usgs_3dhp_waterbody,id3dhp,JW3NV,same,-83.557749,42.483651,2026-10-06,active
lake,L-000167,usgs_3dhp_waterbody,id3dhp,JXN57,same,-83.401910,42.598863,2026-10-06,active
lake,L-000168,ifr_lake_deep_points,NewKey,63-1509,same,-83.382694,42.807253,2026-10-06,active
lake,L-000168,usgs_3dhp_waterbody,id3dhp,JXRR6,same,-83.378787,42.806211,2026-10-06,active
lake,L-000169,usgs_3dhp_waterbody,id3dhp,JZ1FJ,same,-83.105313,42.759993,2026-10-06,active
lake,L-000170,ifr_lake_deep_points,NewKey,63-564,same,-83.612312,42.665732,2026-10-06,active
lake,L-000170,usgs_3dhp_waterbody,id3dhp,K09RQ,same,-83.612512,42.666529,2026-10-06,active
lake,L-000171,ifr_lake_deep_points,NewKey,63-829,same,-83.504927,42.620279,2026-10-06,active
lake,L-000171,usgs_3dhp_waterbody,id3dhp,K0X2J,same,-83.505369,42.619395,2026-10-06,active
lake,L-000172,usgs_3dhp_waterbody,id3dhp,K1FA1,same,-83.185555,42.886103,2026-10-06,active
lake,L-000173,ifr_lake_deep_points,NewKey,63-1402,same,-83.472904,42.831374,2026-10-06,active
lake,L-000173,usgs_3dhp_waterbody,id3dhp,K2DTN,same,-83.473150,42.829690,2026-10-06,active
lake,L-000174,usgs_3dhp_waterbody,id3dhp,K2EU3,same,-83.581728,42.480119,2026-10-06,active
lake,L-000175,usgs_3dhp_waterbody,id3dhp,K2FUS,same,-83.620398,42.440842,2026-10-06,active
lake,L-000176,usgs_3dhp_waterbody,id3dhp,K2PY4,same,-83.545701,42.700556,2026-10-06,active
lake,L-000177,usgs_3dhp_waterbody,id3dhp,K2SKG,same,-83.533982,42.606074,2026-10-06,active
lake,L-000178,usgs_3dhp_waterbody,id3dhp,K30EZ,same,-83.586854,42.811535,2026-10-06,active
lake,L-000179,usgs_3dhp_waterbody,id3dhp,K57Q6,same,-83.567537,42.483512,2026-10-06,active
lake,L-000180,usgs_3dhp_waterbody,id3dhp,K58OJ,same,-83.482488,42.656878,2026-10-06,active
lake,L-000181,usgs_3dhp_waterbody,id3dhp,K5GSV,same,-83.095510,42.710736,2026-10-06,active
lake,L-000182,usgs_3dhp_waterbody,id3dhp,K5N07,same,-83.227624,42.549376,2026-10-06,active
lake,L-000183,ifr_lake_deep_points,NewKey,63-1287,same,-83.198669,42.783092,2026-10-06,active
lake,L-000183,usgs_3dhp_waterbody,id3dhp,K6268,same,-83.198984,42.782726,2026-10-06,active
lake,L-000184,usgs_3dhp_waterbody,id3dhp,K67IJ,same,-83.537311,42.797662,2026-10-06,active
lake,L-000185,usgs_3dhp_waterbody,id3dhp,K6IF5,same,-83.442457,42.563306,2026-10-06,active
lake,L-000186,ifr_lake_deep_points,NewKey,63-1352,same,-83.585383,42.819685,2026-10-06,active
lake,L-000186,usgs_3dhp_waterbody,id3dhp,K6P9D,same,-83.587419,42.819167,2026-10-06,active
lake,L-000187,usgs_3dhp_waterbody,id3dhp,K6TXU,same,-83.284479,42.818141,2026-10-06,active
lake,L-000188,ifr_lake_deep_points,NewKey,63-1744,same,-83.463389,42.700764,2026-10-06,active
lake,L-000188,usgs_3dhp_waterbody,id3dhp,K6XC1,same,-83.464317,42.699779,2026-10-06,active
lake,L-000189,usgs_3dhp_waterbody,id3dhp,K80C8,same,-83.175261,42.781147,2026-10-06,active
lake,L-000190,ifr_lake_deep_points,NewKey,63-1168,same,-83.394913,42.775544,2026-10-06,active
lake,L-000190,usgs_3dhp_waterbody,id3dhp,K86YE,same,-83.394114,42.776234,2026-10-06,active
lake,L-000191,usgs_3dhp_waterbody,id3dhp,K8707,same,-83.670769,42.646636,2026-10-06,active
lake,L-000192,usgs_3dhp_waterbody,id3dhp,K8B8L,same,-83.567196,42.632060,2026-10-06,active
lake,L-000193,usgs_3dhp_waterbody,id3dhp,K8FLT,same,-83.543210,42.615074,2026-10-06,active
lake,L-000194,usgs_3dhp_waterbody,id3dhp,K8GTA,same,-83.425499,42.811114,2026-10-06,active
lake,L-000195,ifr_lake_deep_points,NewKey,63-1186,same,-83.416878,42.737455,2026-10-06,active
lake,L-000195,usgs_3dhp_waterbody,id3dhp,K9GN4,same,-83.413719,42.737917,2026-10-06,active
lake,L-000196,usgs_3dhp_waterbody,id3dhp,KAHSK,same,-83.545920,42.829202,2026-10-06,active
lake,L-000197,usgs_3dhp_waterbody,id3dhp,KAK9B,same,-83.325391,42.606816,2026-10-06,active
lake,L-000198,ifr_lake_deep_points,NewKey,63-1203,same,-83.422428,42.716390,2026-10-06,active
lake,L-000198,usgs_3dhp_waterbody,id3dhp,KAM2A,same,-83.425269,42.713803,2026-10-06,active
lake,L-000199,usgs_3dhp_waterbody,id3dhp,KB0R2,same,-83.267070,42.795919,2026-10-06,active
lake,L-000200,usgs_3dhp_waterbody,id3dhp,KBLWU,same,-83.278016,42.720301,2026-10-06,active
lake,L-000201,usgs_3dhp_waterbody,id3dhp,KBSVV,same,-83.150395,42.844413,2026-10-06,active
lake,L-000202,usgs_3dhp_waterbody,id3dhp,KBUY2,same,-83.501201,42.574562,2026-10-06,active
lake,L-000203,usgs_3dhp_waterbody,id3dhp,KC22F,same,-83.685827,42.826012,2026-10-06,active
lake,L-000204,usgs_3dhp_waterbody,id3dhp,KCZER,same,-83.615386,42.485638,2026-10-06,active
lake,L-000205,ifr_lake_deep_points,NewKey,63-278,same,-83.521881,42.568078,2026-10-06,active
lake,L-000205,ifr_lake_deep_points,NewKey,63-279,same,-83.527129,42.565639,2026-10-06,active
lake,L-000205,usgs_3dhp_waterbody,id3dhp,KDZDC,same,-83.521599,42.568356,2026-10-06,active
lake,L-000206,ifr_lake_deep_points,NewKey,63-1257,same,-83.286101,42.755922,2026-10-06,active
lake,L-000206,usgs_3dhp_waterbody,id3dhp,KE078,same,-83.287018,42.755855,2026-10-06,active
lake,L-000207,ifr_lake_deep_points,NewKey,63-347,same,-83.342349,42.591112,2026-10-06,active
lake,L-000207,usgs_3dhp_waterbody,id3dhp,KE1O5,same,-83.341749,42.590152,2026-10-06,active
lake,L-000208,usgs_3dhp_waterbody,id3dhp,KE4RV,same,-83.288154,42.569445,2026-10-06,active
lake,L-000209,usgs_3dhp_waterbody,id3dhp,KFWUO,same,-83.674897,42.836583,2026-10-06,active
lake,L-000210,ifr_lake_deep_points,NewKey,63-865,same,-83.362283,42.682733,2026-10-06,active
lake,L-000210,usgs_3dhp_waterbody,id3dhp,KG5WE,same,-83.361137,42.683404,2026-10-06,active
lake,L-000211,usgs_3dhp_waterbody,id3dhp,KGH0Y,same,-83.570993,42.534071,2026-10-06,active
lake,L-000212,usgs_3dhp_waterbody,id3dhp,KGHF6,same,-83.188785,42.787449,2026-10-06,active
lake,L-000213,ifr_lake_deep_points,NewKey,63-876,same,-83.352328,42.669924,2026-10-06,active
lake,L-000213,usgs_3dhp_waterbody,id3dhp,KGWLQ,same,-83.351792,42.670079,2026-10-06,active
lake,L-000214,usgs_3dhp_waterbody,id3dhp,KGYPC,same,-83.676570,42.827121,2026-10-06,active
lake,L-000215,ifr_lake_deep_points,NewKey,63-1205,same,-83.424939,42.727537,2026-10-06,active
lake,L-000215,usgs_3dhp_waterbody,id3dhp,KH0TI,same,-83.424542,42.727455,2026-10-06,active
lake,L-000216,usgs_3dhp_waterbody,id3dhp,KH55N,same,-83.521622,42.803983,2026-10-06,active
lake,L-000217,usgs_3dhp_waterbody,id3dhp,KHH93,same,-83.412678,42.765910,2026-10-06,active
lake,L-000218,ifr_lake_deep_points,NewKey,63-834,same,-83.469508,42.623758,2026-10-06,active
lake,L-000218,usgs_3dhp_waterbody,id3dhp,KHJPJ,same,-83.469839,42.623970,2026-10-06,active
lake,L-000219,usgs_3dhp_waterbody,id3dhp,KHQJ2,same,-83.298541,42.562647,2026-10-06,active
lake,L-000220,usgs_3dhp_waterbody,id3dhp,KHYDH,same,-83.630258,42.741276,2026-10-06,active
lake,L-000221,usgs_3dhp_waterbody,id3dhp,KIM47,same,-83.625154,42.586633,2026-10-06,active
lake,L-000222,usgs_3dhp_waterbody,id3dhp,KIW6Z,same,-83.279342,42.814542,2026-10-06,active
lake,L-000223,usgs_3dhp_waterbody,id3dhp,KJ0R3,same,-83.586125,42.481637,2026-10-06,active
lake,L-000224,usgs_3dhp_waterbody,id3dhp,KJIO1,same,-83.668762,42.830526,2026-10-06,active
lake,L-000225,usgs_3dhp_waterbody,id3dhp,KJN2L,same,-83.487595,42.659146,2026-10-06,active
lake,L-000226,usgs_3dhp_waterbody,id3dhp,KK23C,same,-83.643080,42.725786,2026-10-06,active
lake,L-000227,usgs_3dhp_waterbody,id3dhp,KK6CU,same,-83.474566,42.724530,2026-10-06,active
lake,L-000228,ifr_lake_deep_points,NewKey,63-833,same,-83.498446,42.617637,2026-10-06,active
lake,L-000228,usgs_3dhp_waterbody,id3dhp,KKEKG,same,-83.498368,42.617610,2026-10-06,active
lake,L-000229,ifr_lake_deep_points,NewKey,63-869,same,-83.348653,42.684850,2026-10-06,active
lake,L-000229,usgs_3dhp_waterbody,id3dhp,KLA42,same,-83.348319,42.685505,2026-10-06,active
lake,L-000230,ifr_lake_deep_points,NewKey,63-877,same,-83.365314,42.666519,2026-10-06,active
lake,L-000230,usgs_3dhp_waterbody,id3dhp,KLFHB,same,-83.364253,42.664697,2026-10-06,active
lake,L-000231,usgs_3dhp_waterbody,id3dhp,KLL3M,same,-83.642478,42.673329,2026-10-06,active
lake,L-000232,ifr_lake_deep_points,NewKey,63-456,same,-83.278655,42.560127,2026-10-06,active
lake,L-000232,usgs_3dhp_waterbody,id3dhp,KLPP3,same,-83.277940,42.558379,2026-10-06,active
lake,L-000233,usgs_3dhp_waterbody,id3dhp,KLWOU,same,-83.413215,42.596258,2026-10-06,active
lake,L-000234,usgs_3dhp_waterbody,id3dhp,KM75H,same,-83.467992,42.650973,2026-10-06,active
lake,L-000235,ifr_lake_deep_points,NewKey,63-1393,same,-83.500143,42.843680,2026-10-06,active
lake,L-000235,usgs_3dhp_waterbody,id3dhp,KMHMP,same,-83.503063,42.845199,2026-10-06,active
lake,L-000236,usgs_3dhp_waterbody,id3dhp,KMYIT,same,-83.518071,42.732910,2026-10-06,active
lake,L-000237,usgs_3dhp_waterbody,id3dhp,KNY7D,same,-83.468615,42.557297,2026-10-06,active
lake,L-000238,ifr_lake_deep_points,NewKey,63-857,same,-83.426138,42.674621,2026-10-06,active
lake,L-000238,usgs_3dhp_waterbody,id3dhp,KOCTV,same,-83.422238,42.676786,2026-10-06,active
lake,L-000239,usgs_3dhp_waterbody,id3dhp,KOGY1,same,-83.332651,42.720028,2026-10-06,active
lake,L-000240,usgs_3dhp_waterbody,id3dhp,KOI58,same,-83.656574,42.657478,2026-10-06,active
lake,L-000241,usgs_3dhp_waterbody,id3dhp,KOZUK,same,-83.666996,42.580713,2026-10-06,active
lake,L-000242,usgs_3dhp_waterbody,id3dhp,KP4KY,same,-83.184913,42.876477,2026-10-06,active
lake,L-000243,usgs_3dhp_waterbody,id3dhp,KPB7U,same,-83.621204,42.585258,2026-10-06,active
lake,L-000244,usgs_3dhp_waterbody,id3dhp,KQ1Z8,same,-83.302063,42.865334,2026-10-06,active
lake,L-000245,usgs_3dhp_waterbody,id3dhp,KQ2ES,same,-83.116783,42.611412,2026-10-06,active
lake,L-000246,usgs_3dhp_waterbody,id3dhp,KR5FK,same,-83.300599,42.613527,2026-10-06,active
lake,L-000247,usgs_3dhp_waterbody,id3dhp,KRHV2,same,-83.099473,42.767238,2026-10-06,active
lake,L-000248,usgs_3dhp_waterbody,id3dhp,KRT7H,same,-83.458383,42.684072,2026-10-06,active
lake,L-000249,usgs_3dhp_waterbody,id3dhp,KRUAU,same,-83.645482,42.820892,2026-10-06,active
lake,L-000250,ifr_lake_deep_points,NewKey,63-1064,same,-83.609888,42.715840,2026-10-06,active
lake,L-000250,usgs_3dhp_waterbody,id3dhp,KRUB0,same,-83.610800,42.715831,2026-10-06,active
lake,L-000251,usgs_3dhp_waterbody,id3dhp,KS0JV,same,-83.240818,42.769733,2026-10-06,active
lake,L-000252,usgs_3dhp_waterbody,id3dhp,KTJW6,same,-83.310347,42.600999,2026-10-06,active
lake,L-000253,usgs_3dhp_waterbody,id3dhp,KTZIO,same,-83.313116,42.660920,2026-10-06,active
lake,L-000254,usgs_3dhp_waterbody,id3dhp,KU2HP,same,-83.419454,42.607524,2026-10-06,active
lake,L-000255,usgs_3dhp_waterbody,id3dhp,KU83P,same,-83.098028,42.647981,2026-10-06,active
lake,L-000256,usgs_3dhp_waterbody,id3dhp,KWI7X,same,-83.621359,42.588606,2026-10-06,active
lake,L-000257,ifr_lake_deep_points,NewKey,63-575,same,-83.565618,42.661434,2026-10-06,active
lake,L-000257,usgs_3dhp_waterbody,id3dhp,KWWM4,same,-83.564346,42.669075,2026-10-06,active
lake,L-000258,usgs_3dhp_waterbody,id3dhp,KWXPA,same,-83.512465,42.804209,2026-10-06,active
lake,L-000259,usgs_3dhp_waterbody,id3dhp,KX90Z,same,-83.480008,42.509194,2026-10-06,active
lake,L-000260,ifr_lake_deep_points,NewKey,63-184,same,-83.610597,42.585163,2026-10-06,active
lake,L-000260,usgs_3dhp_waterbody,id3dhp,KXFFU,same,-83.605095,42.586116,2026-10-06,active
lake,L-000261,usgs_3dhp_waterbody,id3dhp,KXFG8,same,-83.280929,42.774585,2026-10-06,active
lake,L-000262,usgs_3dhp_waterbody,id3dhp,KY6CG,same,-83.622211,42.785069,2026-10-06,active
lake,L-000263,usgs_3dhp_waterbody,id3dhp,KY6ST,same,-83.673093,42.626087,2026-10-06,active
lake,L-000264,usgs_3dhp_waterbody,id3dhp,KZ2U3,same,-83.639477,42.601098,2026-10-06,active
lake,L-000265,usgs_3dhp_waterbody,id3dhp,KZ8VR,same,-83.356127,42.826720,2026-10-06,active
lake,L-000266,usgs_3dhp_waterbody,id3dhp,KZFIG,same,-83.550711,42.592383,2026-10-06,active
lake,L-000267,usgs_3dhp_waterbody,id3dhp,KZY1I,same,-83.256359,42.633633,2026-10-06,active
lake,L-000268,usgs_3dhp_waterbody,id3dhp,L0FU8,same,-83.663730,42.839664,2026-10-06,active
lake,L-000269,usgs_3dhp_waterbody,id3dhp,L0JIJ,same,-83.426112,42.704628,2026-10-06,active
lake,L-000270,usgs_3dhp_waterbody,id3dhp,L0NTA,same,-83.448341,42.832487,2026-10-06,active
lake,L-000271,usgs_3dhp_waterbody,id3dhp,L1TGF,same,-83.296281,42.743208,2026-10-06,active
lake,L-000272,usgs_3dhp_waterbody,id3dhp,L2966,same,-83.384381,42.567897,2026-10-06,active
lake,L-000273,usgs_3dhp_waterbody,id3dhp,L2TYQ,same,-83.457532,42.807540,2026-10-06,active
lake,L-000274,usgs_3dhp_waterbody,id3dhp,L3BWJ,same,-83.576707,42.478894,2026-10-06,active
lake,L-000275,ifr_lake_deep_points,NewKey,63-1247,same,-83.269292,42.766373,2026-10-06,active
lake,L-000275,usgs_3dhp_waterbody,id3dhp,L3ELT,same,-83.269333,42.768373,2026-10-06,active
lake,L-000276,usgs_3dhp_waterbody,id3dhp,L55TG,same,-83.255404,42.829939,2026-10-06,active
lake,L-000277,usgs_3dhp_waterbody,id3dhp,L5H4O,same,-83.649058,42.663119,2026-10-06,active
lake,L-000278,usgs_3dhp_waterbody,id3dhp,L5U3G,same,-83.273225,42.800723,2026-10-06,active
lake,L-000279,usgs_3dhp_waterbody,id3dhp,L69UF,same,-83.554229,42.810071,2026-10-06,active
lake,L-000280,ifr_lake_deep_points,NewKey,63-1539,same,-83.279124,42.842332,2026-10-06,active
lake,L-000280,usgs_3dhp_waterbody,id3dhp,L77EA,same,-83.279629,42.842330,2026-10-06,active
lake,L-000281,usgs_3dhp_waterbody,id3dhp,L7HR1,same,-83.315233,42.585854,2026-10-06,active
lake,L-000282,ifr_lake_deep_points,NewKey,63-359,same,-83.388486,42.575827,2026-10-06,active
lake,L-000282,usgs_3dhp_waterbody,id3dhp,L7O1S,same,-83.386027,42.576300,2026-10-06,active
lake,L-000283,ifr_lake_deep_points,NewKey,63-728,same,-83.543928,42.668626,2026-10-06,active
lake,L-000283,usgs_3dhp_waterbody,id3dhp,L884F,same,-83.541981,42.668078,2026-10-06,active
lake,L-000284,usgs_3dhp_waterbody,id3dhp,L8J8U,same,-83.193723,42.877025,2026-10-06,active
lake,L-000285,usgs_3dhp_waterbody,id3dhp,L8KBF,same,-83.651659,42.591918,2026-10-06,active
lake,L-000286,usgs_3dhp_waterbody,id3dhp,L8ZNL,same,-83.480575,42.728547,2026-10-06,active
lake,L-000287,usgs_3dhp_waterbody,id3dhp,L9JRL,same,-83.656882,42.707020,2026-10-06,active
lake,L-000288,ifr_lake_deep_points,NewKey,63-1213,same,-83.401226,42.706409,2026-10-06,active
lake,L-000288,usgs_3dhp_waterbody,id3dhp,L9WUQ,same,-83.400637,42.708161,2026-10-06,active
lake,L-000289,ifr_lake_deep_points,NewKey,63-236,same,-83.448099,42.615277,2026-10-06,active
lake,L-000289,usgs_3dhp_waterbody,id3dhp,L9Y1V,same,-83.456768,42.617181,2026-10-06,active
lake,L-000290,ifr_lake_deep_points,NewKey,63-1692,same,-83.524119,42.808765,2026-10-06,active
lake,L-000290,usgs_3dhp_waterbody,id3dhp,L9YCR,same,-83.526488,42.807300,2026-10-06,active
lake,L-000291,usgs_3dhp_waterbody,id3dhp,LA8HE,same,-83.422368,42.610271,2026-10-06,active
lake,L-000292,usgs_3dhp_waterbody,id3dhp,LAMSQ,same,-83.487670,42.605994,2026-10-06,active
lake,L-000293,usgs_3dhp_waterbody,id3dhp,LANW2,same,-83.231672,42.811984,2026-10-06,active
lake,L-000294,usgs_3dhp_waterbody,id3dhp,LB15B,same,-83.226254,42.810769,2026-10-06,active
lake,L-000295,usgs_3dhp_waterbody,id3dhp,LBGWO,same,-83.633418,42.675146,2026-10-06,active
lake,L-000296,ifr_lake_deep_points,NewKey,63-149,same,-83.600015,42.602850,2026-10-06,active
lake,L-000296,usgs_3dhp_waterbody,id3dhp,LC95H,same,-83.603401,42.608124,2026-10-06,active
lake,L-000297,usgs_3dhp_waterbody,id3dhp,LCTCI,same,-83.619498,42.725057,2026-10-06,active
lake,L-000298,usgs_3dhp_waterbody,id3dhp,LD21Y,same,-83.117109,42.616151,2026-10-06,active
lake,L-000299,usgs_3dhp_waterbody,id3dhp,LD9QT,same,-83.282715,42.785606,2026-10-06,active
lake,L-000300,usgs_3dhp_waterbody,id3dhp,LDGD5,same,-83.096944,42.616765,2026-10-06,active
lake,L-000301,usgs_3dhp_waterbody,id3dhp,LDLAM,same,-83.414121,42.557035,2026-10-06,active
lake,L-000302,usgs_3dhp_waterbody,id3dhp,LEEK5,same,-83.106546,42.803713,2026-10-06,active
lake,L-000303,usgs_3dhp_waterbody,id3dhp,LFCXB,same,-83.577056,42.490288,2026-10-06,active
lake,L-000304,usgs_3dhp_waterbody,id3dhp,LIGC4,same,-83.323653,42.588804,2026-10-06,active
lake,L-000305,usgs_3dhp_waterbody,id3dhp,LIGD8,same,-83.303268,42.820813,2026-10-06,active
lake,L-000306,usgs_3dhp_waterbody,id3dhp,LIKQ2,same,-83.479157,42.762062,2026-10-06,active
lake,L-000307,usgs_3dhp_waterbody,id3dhp,LILS0,same,-83.610655,42.798841,2026-10-06,active
lake,L-000308,usgs_3dhp_waterbody,id3dhp,LIX2O,same,-83.436952,42.566330,2026-10-06,active
lake,L-000309,usgs_3dhp_waterbody,id3dhp,LJM6S,same,-83.543603,42.473832,2026-10-06,active
lake,L-000310,usgs_3dhp_waterbody,id3dhp,LKJ37,same,-83.291462,42.798640,2026-10-06,active
lake,L-000311,ifr_lake_deep_points,NewKey,63-405,same,-83.312138,42.609461,2026-10-06,active
lake,L-000311,usgs_3dhp_waterbody,id3dhp,LKQAU,same,-83.311770,42.609576,2026-10-06,active
lake,L-000312,ifr_lake_deep_points,NewKey,63-263,same,-83.426998,42.579205,2026-10-06,active
lake,L-000312,usgs_3dhp_waterbody,id3dhp,LKZW4,same,-83.434683,42.580790,2026-10-06,active
lake,L-000313,usgs_3dhp_waterbody,id3dhp,LLMCF,same,-83.596399,42.820340,2026-10-06,active
lake,L-000314,usgs_3dhp_waterbody,id3dhp,LN75P,same,-83.310517,42.827962,2026-10-06,active
lake,L-000315,usgs_3dhp_waterbody,id3dhp,LOZU5,same,-83.623298,42.730144,2026-10-06,active
lake,L-000316,ifr_lake_deep_points,NewKey,63-1332,same,-83.598435,42.838163,2026-10-06,active
lake,L-000316,usgs_3dhp_waterbody,id3dhp,LQH3A,same,-83.597667,42.838033,2026-10-06,active
lake,L-000317,usgs_3dhp_waterbody,id3dhp,LRBUC,same,-83.233551,42.828764,2026-10-06,active
lake,L-000318,usgs_3dhp_waterbody,id3dhp,LSK7Q,same,-83.619072,42.690519,2026-10-06,active
lake,L-000319,ifr_lake_deep_points,NewKey,63-774,same,-83.477254,42.641637,2026-10-06,active
lake,L-000319,usgs_3dhp_waterbody,id3dhp,LT277,same,-83.480808,42.646296,2026-10-06,active
lake,L-000320,usgs_3dhp_waterbody,id3dhp,LT6VF,same,-83.455729,42.545151,2026-10-06,active
lake,L-000321,usgs_3dhp_waterbody,id3dhp,LT8VP,same,-83.633105,42.712335,2026-10-06,active
lake,L-000322,ifr_lake_deep_points,NewKey,63-921,same,-83.366648,42.645080,2026-10-06,active
lake,L-000322,usgs_3dhp_waterbody,id3dhp,LTS3A,same,-83.365913,42.643997,2026-10-06,active
lake,L-000323,usgs_3dhp_waterbody,id3dhp,LU5UN,same,-83.640227,42.606796,2026-10-06,active
lake,L-000324,usgs_3dhp_waterbody,id3dhp,LV9YD,same,-83.602119,42.828832,2026-10-06,active
lake,L-000325,usgs_3dhp_waterbody,id3dhp,LVZW3,same,-83.321723,42.808138,2026-10-06,active
lake,L-000326,ifr_lake_deep_points,NewKey,63-299,same,-83.494055,42.553054,2026-10-06,active
lake,L-000326,usgs_3dhp_waterbody,id3dhp,LWEV5,same,-83.492170,42.553981,2026-10-06,active
lake,L-000327,usgs_3dhp_waterbody,id3dhp,LX0J3,same,-83.549581,42.661812,2026-10-06,active
lake,L-000328,usgs_3dhp_waterbody,id3dhp,LYZN8,same,-83.675222,42.785618,2026-10-06,active
lake,L-000329,usgs_3dhp_waterbody,id3dhp,M0ORZ,same,-83.603050,42.850349,2026-10-06,active
lake,L-000330,ifr_lake_deep_points,NewKey,63-837,same,-83.470600,42.620627,2026-10-06,active
lake,L-000330,usgs_3dhp_waterbody,id3dhp,M0XIJ,same,-83.471656,42.618460,2026-10-06,active
lake,L-000331,usgs_3dhp_waterbody,id3dhp,M1DRU,same,-83.519666,42.638524,2026-10-06,active
lake,L-000332,usgs_3dhp_waterbody,id3dhp,M1FX7,same,-83.346446,42.564222,2026-10-06,active
lake,L-000333,usgs_3dhp_waterbody,id3dhp,M2FM2,same,-83.576621,42.482814,2026-10-06,active
lake,L-000334,usgs_3dhp_waterbody,id3dhp,M2GW5,same,-83.199433,42.851427,2026-10-06,active
lake,L-000335,usgs_3dhp_waterbody,id3dhp,M2MWH,same,-83.619963,42.675639,2026-10-06,active
lake,L-000336,usgs_3dhp_waterbody,id3dhp,M2TG0,same,-83.153854,42.884728,2026-10-06,active
lake,L-000337,ifr_lake_deep_points,NewKey,63-1337,same,-83.371811,42.602296,2026-10-06,active
lake,L-000337,usgs_3dhp_waterbody,id3dhp,M3HWS,same,-83.360309,42.609293,2026-10-06,active
lake,L-000338,usgs_3dhp_waterbody,id3dhp,M3U7R,same,-83.300688,42.594845,2026-10-06,active
lake,L-000339,usgs_3dhp_waterbody,id3dhp,M4C43,same,-83.244638,42.805055,2026-10-06,active
lake,L-000340,usgs_3dhp_waterbody,id3dhp,M4L2R,same,-83.324785,42.692766,2026-10-06,active
lake,L-000341,usgs_3dhp_waterbody,id3dhp,M4PGX,same,-83.661692,42.770702,2026-10-06,active
lake,L-000342,ifr_lake_deep_points,NewKey,63-1259,same,-83.311231,42.745294,2026-10-06,active
lake,L-000342,usgs_3dhp_waterbody,id3dhp,M4PMT,same,-83.310799,42.745051,2026-10-06,active
lake,L-000343,usgs_3dhp_waterbody,id3dhp,M57B9,same,-83.465360,42.767930,2026-10-06,active
lake,L-000344,usgs_3dhp_waterbody,id3dhp,M5BJZ,same,-83.661328,42.756853,2026-10-06,active
lake,L-000345,usgs_3dhp_waterbody,id3dhp,M5J2L,same,-83.239453,42.812764,2026-10-06,active
lake,L-000346,usgs_3dhp_waterbody,id3dhp,M6323,same,-83.650359,42.599044,2026-10-06,active
lake,L-000347,usgs_3dhp_waterbody,id3dhp,M6ARU,same,-83.582588,42.657839,2026-10-06,active
lake,L-000348,usgs_3dhp_waterbody,id3dhp,M6E7E,same,-83.535228,42.824665,2026-10-06,active
lake,L-000349,usgs_3dhp_waterbody,id3dhp,M6GLV,same,-83.315401,42.576690,2026-10-06,active
lake,L-000350,ifr_lake_deep_points,NewKey,63-768,same,-83.553959,42.645260,2026-10-06,active
lake,L-000350,usgs_3dhp_waterbody,id3dhp,M6JZE,same,-83.557027,42.643648,2026-10-06,active
lake,L-000351,ifr_lake_deep_points,NewKey,63-1177,same,-83.348528,42.763146,2026-10-06,active
lake,L-000351,usgs_3dhp_waterbody,id3dhp,M6PO6,same,-83.347478,42.762898,2026-10-06,active
lake,L-000352,ifr_lake_deep_points,NewKey,63-918,same,-83.390413,42.643855,2026-10-06,active
lake,L-000352,usgs_3dhp_waterbody,id3dhp,M6W96,same,-83.385516,42.641875,2026-10-06,active
lake,L-000353,ifr_lake_deep_points,NewKey,63-1280,same,-83.194162,42.790310,2026-10-06,active
lake,L-000353,usgs_3dhp_waterbody,id3dhp,M7363,same,-83.192868,42.789704,2026-10-06,active
lake,L-000354,usgs_3dhp_waterbody,id3dhp,M766J,same,-83.422550,42.548968,2026-10-06,active
lake,L-000355,ifr_lake_deep_points,NewKey,63-872,same,-83.328234,42.676901,2026-10-06,active
lake,L-000355,ifr_lake_deep_points,NewKey,63-943,same,-83.322721,42.677061,2026-10-06,active
lake,L-000355,usgs_3dhp_waterbody,id3dhp,M7CXE,same,-83.326670,42.677023,2026-10-06,active
lake,L-000356,usgs_3dhp_waterbody,id3dhp,M7F1O,same,-83.519271,42.704358,2026-10-06,active
lake,L-000357,ifr_lake_deep_points,NewKey,63-871,same,-83.342917,42.677987,2026-10-06,active
lake,L-000357,usgs_3dhp_waterbody,id3dhp,M7HEO,same,-83.340369,42.678524,2026-10-06,active
lake,L-000358,usgs_3dhp_waterbody,id3dhp,M7JNH,same,-83.500576,42.654368,2026-10-06,active
lake,L-000359,usgs_3dhp_waterbody,id3dhp,M7P4K,same,-83.396814,42.727722,2026-10-06,active
lake,L-000360,usgs_3dhp_waterbody,id3dhp,M7V1I,same,-83.508050,42.550320,2026-10-06,active
lake,L-000361,usgs_3dhp_waterbody,id3dhp,M7ZP3,same,-83.233371,42.822909,2026-10-06,active
lake,L-000362,usgs_3dhp_waterbody,id3dhp,M8KNH,same,-83.558918,42.714547,2026-10-06,active
lake,L-000363,usgs_3dhp_waterbody,id3dhp,M90O5,same,-83.377213,42.565429,2026-10-06,active
lake,L-000364,ifr_lake_deep_points,NewKey,63-953,same,-83.252239,42.665399,2026-10-06,active
lake,L-000364,usgs_3dhp_waterbody,id3dhp,MA7TU,same,-83.251366,42.664780,2026-10-06,active
lake,L-000365,usgs_3dhp_waterbody,id3dhp,MAA5C,same,-83.455038,42.714160,2026-10-06,active
lake,L-000366,usgs_3dhp_waterbody,id3dhp,MAF65,same,-83.274989,42.718059,2026-10-06,active
lake,L-000367,usgs_3dhp_waterbody,id3dhp,MAMB6,same,-83.624066,42.539606,2026-10-06,active
lake,L-000368,usgs_3dhp_waterbody,id3dhp,MAOV0,same,-83.259138,42.795952,2026-10-06,active
lake,L-000369,ifr_lake_deep_points,NewKey,63-232,same,-83.434100,42.606364,2026-10-06,active
lake,L-000369,usgs_3dhp_waterbody,id3dhp,MBLET,same,-83.430888,42.606521,2026-10-06,active
lake,L-000370,usgs_3dhp_waterbody,id3dhp,MBQ8K,same,-83.439369,42.677471,2026-10-06,active
lake,L-000371,usgs_3dhp_waterbody,id3dhp,MC1C4,same,-83.263974,42.798803,2026-10-06,active
lake,L-000372,ifr_lake_deep_points,NewKey,63-588,same,-83.599668,42.652280,2026-10-06,active
lake,L-000372,usgs_3dhp_waterbody,id3dhp,MC5S4,same,-83.599222,42.653547,2026-10-06,active
lake,L-000373,usgs_3dhp_waterbody,id3dhp,MCACU,same,-83.568075,42.489239,2026-10-06,active
lake,L-000374,ifr_lake_deep_points,NewKey,25-31,same,-83.687993,42.870473,2026-10-06,active
lake,L-000374,usgs_3dhp_waterbody,id3dhp,MCFWV,same,-83.680459,42.869577,2026-10-06,active
lake,L-000375,ifr_lake_deep_points,NewKey,63-16,same,-83.478908,42.525446,2026-10-06,active
lake,L-000375,usgs_3dhp_waterbody,id3dhp,MCI3K,same,-83.480715,42.521329,2026-10-06,active
lake,L-000376,ifr_lake_deep_points,NewKey,63-1375,same,-83.624044,42.793206,2026-10-06,active
lake,L-000376,usgs_3dhp_waterbody,id3dhp,MCOX0,same,-83.624142,42.793378,2026-10-06,active
lake,L-000377,usgs_3dhp_waterbody,id3dhp,MCVQT,same,-83.436526,42.811522,2026-10-06,active
lake,L-000378,usgs_3dhp_waterbody,id3dhp,MD275,same,-83.632015,42.586057,2026-10-06,active
lake,L-000379,usgs_3dhp_waterbody,id3dhp,MDH4B,same,-83.520411,42.848474,2026-10-06,active
lake,L-000380,usgs_3dhp_waterbody,id3dhp,MDPDZ,same,-83.283900,42.805548,2026-10-06,active
lake,L-000381,ifr_lake_deep_points,NewKey,63-848,same,-83.378331,42.703064,2026-10-06,active
lake,L-000381,usgs_3dhp_waterbody,id3dhp,ME6JP,same,-83.378697,42.703253,2026-10-06,active
lake,L-000382,usgs_3dhp_waterbody,id3dhp,MEAQO,same,-83.652854,42.762568,2026-10-06,active
lake,L-000383,usgs_3dhp_waterbody,id3dhp,MEFEN,same,-83.680607,42.650755,2026-10-06,active
lake,L-000384,usgs_3dhp_waterbody,id3dhp,MEM0I,same,-83.104836,42.766202,2026-10-06,active
lake,L-000385,usgs_3dhp_waterbody,id3dhp,MEMYL,same,-83.100122,42.720525,2026-10-06,active
lake,L-000386,usgs_3dhp_waterbody,id3dhp,MEWEP,same,-83.442268,42.528986,2026-10-06,active
lake,L-000387,usgs_3dhp_waterbody,id3dhp,MF7R0,same,-83.374914,42.678370,2026-10-06,active
lake,L-000388,usgs_3dhp_waterbody,id3dhp,MFC1L,same,-83.683761,42.841079,2026-10-06,active
lake,L-000389,usgs_3dhp_waterbody,id3dhp,MFF56,same,-83.138661,42.820946,2026-10-06,active
lake,L-000390,usgs_3dhp_waterbody,id3dhp,MFRCY,same,-83.616901,42.854344,2026-10-06,active
lake,L-000391,ifr_lake_deep_points,NewKey,43-461,same,-83.244390,42.571050,2026-10-06,active
lake,L-000391,usgs_3dhp_waterbody,id3dhp,MFX02,same,-83.243446,42.570224,2026-10-06,active
lake,L-000392,usgs_3dhp_waterbody,id3dhp,MH2RK,same,-83.359722,42.782603,2026-10-06,active
lake,L-000393,usgs_3dhp_waterbody,id3dhp,MHD6C,same,-83.652097,42.714336,2026-10-06,active
lake,L-000394,usgs_3dhp_waterbody,id3dhp,MHIKK,same,-83.611053,42.872137,2026-10-06,active
lake,L-000395,usgs_3dhp_waterbody,id3dhp,MHZGY,same,-83.305671,42.622413,2026-10-06,active
lake,L-000396,ifr_lake_deep_points,NewKey,63-1348,same,-83.600615,42.821304,2026-10-06,active
lake,L-000396,usgs_3dhp_waterbody,id3dhp,MI7DR,same,-83.598756,42.818439,2026-10-06,active
lake,L-000397,usgs_3dhp_waterbody,id3dhp,MITN5,same,-83.387913,42.682944,2026-10-06,active
lake,L-000398,usgs_3dhp_waterbody,id3dhp,MJ4WE,same,-83.564259,42.850539,2026-10-06,active
lake,L-000399,usgs_3dhp_waterbody,id3dhp,MJW65,same,-83.565428,42.495339,2026-10-06,active
lake,L-000400,usgs_3dhp_waterbody,id3dhp,MJZJ3,same,-83.115478,42.876938,2026-10-06,active
lake,L-000401,usgs_3dhp_waterbody,id3dhp,MK650,same,-83.302488,42.835448,2026-10-06,active
lake,L-000402,usgs_3dhp_waterbody,id3dhp,MKURU,same,-83.523408,42.767227,2026-10-06,active
lake,L-000403,usgs_3dhp_waterbody,id3dhp,MKZ8W,same,-83.644373,42.604098,2026-10-06,active
lake,L-000404,ifr_lake_deep_points,NewKey,63-277,same,-83.508297,42.580330,2026-10-06,active
lake,L-000404,usgs_3dhp_waterbody,id3dhp,ML15M,same,-83.509480,42.580456,2026-10-06,active
lake,L-000405,usgs_3dhp_waterbody,id3dhp,ML91T,same,-83.694413,42.790290,2026-10-06,active
lake,L-000406,usgs_3dhp_waterbody,id3dhp,MLKRU,same,-83.593418,42.784685,2026-10-06,active
lake,L-000407,ifr_lake_deep_points,NewKey,63-868,same,-83.347040,42.688984,2026-10-06,active
lake,L-000407,usgs_3dhp_waterbody,id3dhp,MLV9U,same,-83.344809,42.688213,2026-10-06,active
lake,L-000408,ifr_lake_deep_points,NewKey,63-569,same,-83.581370,42.675893,2026-10-06,active
lake,L-000408,usgs_3dhp_waterbody,id3dhp,MMIZW,same,-83.590386,42.673088,2026-10-06,active
lake,L-000409,usgs_3dhp_waterbody,id3dhp,MNJX7,same,-83.560521,42.761363,2026-10-06,active
lake,L-000410,usgs_3dhp_waterbody,id3dhp,MNLPA,same,-83.454438,42.768306,2026-10-06,active
lake,L-000411,ifr_lake_deep_points,NewKey,63-1406,same,-83.507253,42.843303,2026-10-06,active
lake,L-000411,usgs_3dhp_waterbody,id3dhp,MNN7P,same,-83.508105,42.843142,2026-10-06,active
lake,L-000412,usgs_3dhp_waterbody,id3dhp,MNTQL,same,-83.291922,42.719452,2026-10-06,active
lake,L-000413,ifr_lake_deep_points,NewKey,63-843,same,-83.339970,42.691956,2026-10-06,active
lake,L-000413,usgs_3dhp_waterbody,id3dhp,MOL2X,same,-83.340052,42.690617,2026-10-06,active
lake,L-000414,usgs_3dhp_waterbody,id3dhp,MPBSC,same,-83.326957,42.810559,2026-10-06,active
lake,L-000415,usgs_3dhp_waterbody,id3dhp,MPIIO,same,-83.210175,42.798646,2026-10-06,active
lake,L-000416,usgs_3dhp_waterbody,id3dhp,MPJY7,same,-83.379597,42.844296,2026-10-06,active
lake,L-000417,ifr_lake_deep_points,NewKey,63-1691,same,-83.674878,42.809993,2026-10-06,active
lake,L-000417,usgs_3dhp_waterbody,id3dhp,MQOKQ,same,-83.676177,42.811985,2026-10-06,active
lake,L-000418,usgs_3dhp_waterbody,id3dhp,MQV5V,same,-83.555833,42.657872,2026-10-06,active
lake,L-000419,usgs_3dhp_waterbody,id3dhp,MQZ5O,same,-83.330692,42.771549,2026-10-06,active
lake,L-000420,usgs_3dhp_waterbody,id3dhp,MRQ6Y,same,-83.454293,42.530609,2026-10-06,active
lake,L-000421,usgs_3dhp_waterbody,id3dhp,MS829,same,-83.345784,42.789123,2026-10-06,active
lake,L-000422,ifr_lake_deep_points,NewKey,63-1650,same,-83.151616,42.829357,2026-10-06,active
lake,L-000422,usgs_3dhp_waterbody,id3dhp,MT6P3,same,-83.150936,42.831686,2026-10-06,active
lake,L-000423,usgs_3dhp_waterbody,id3dhp,MTGFH,same,-83.616724,42.743598,2026-10-06,active
lake,L-000424,ifr_lake_deep_points,NewKey,63-1101,same,-83.474215,42.752175,2026-10-06,active
lake,L-000424,usgs_3dhp_waterbody,id3dhp,MTGFV,same,-83.469064,42.750817,2026-10-06,active
lake,L-000425,dnr_hydro_poly,GlobalID,5a4c4884-50b5-4c87-9a04-2d736e0340ad,same,-83.427999,42.697965,2026-10-06,active
lake,L-000425,usgs_3dhp_waterbody,id3dhp:part,IRZAG,part_of,-83.427999,42.697965,2026-10-06,active
spot,S-000001,dnr_boating_access,globalid,9ddeee23-667a-474a-8b16-0fbfa757d607,same,-83.361978,42.581712,2026-10-06,active
spot,S-000001,dnr_boating_access,legacyid,A-63-001,same,-83.361978,42.581712,2026-10-06,active
spot,S-000002,dnr_boating_access,globalid,b02a9f75-af56-4fb9-9422-21056f26b71d,same,-83.446576,42.611863,2026-10-06,active
spot,S-000002,dnr_boating_access,legacyid,A-63-002,same,-83.446576,42.611863,2026-10-06,active
spot,S-000003,dnr_boating_access,globalid,b9c67fb0-37cf-4728-a18e-ee86cfc302ab,same,-83.363174,42.698571,2026-10-06,active
spot,S-000003,dnr_boating_access,legacyid,A-63-003,same,-83.363174,42.698571,2026-10-06,active
spot,S-000004,dnr_boating_access,globalid,6c35e98a-6e2f-4d54-9124-d40942a28029,same,-83.458392,42.670703,2026-10-06,active
spot,S-000004,dnr_boating_access,legacyid,A-63-004,same,-83.458392,42.670703,2026-10-06,active
spot,S-000005,dnr_boating_access,globalid,cb91048f-74a5-42d1-a7c7-0e39260202a4,same,-83.484122,42.559023,2026-10-06,active
spot,S-000005,dnr_boating_access,legacyid,A-63-005,same,-83.484122,42.559023,2026-10-06,active
spot,S-000006,dnr_boating_access,globalid,ab8eefde-9cf2-4d3a-b76e-eacbd38fe399,same,-83.574867,42.664045,2026-10-06,active
spot,S-000006,dnr_boating_access,legacyid,A-63-006,same,-83.574867,42.664045,2026-10-06,active
spot,S-000007,dnr_boating_access,globalid,5f6e39b2-dc55-40e4-9b81-b014a13eb40f,same,-83.254791,42.790069,2026-10-06,active
spot,S-000007,dnr_boating_access,legacyid,A-63-007,same,-83.254791,42.790069,2026-10-06,active
spot,S-000008,dnr_boating_access,globalid,5f0f401b-0134-4395-850c-c9bc12900fff,same,-83.510495,42.724930,2026-10-06,active
spot,S-000008,dnr_boating_access,legacyid,A-63-008,same,-83.510495,42.724930,2026-10-06,active
spot,S-000009,dnr_boating_access,globalid,14637965-0827-4ceb-9143-efa11594b3f7,same,-83.457129,42.613995,2026-10-06,active
spot,S-000009,dnr_boating_access,legacyid,A-63-009,same,-83.457129,42.613995,2026-10-06,active
spot,S-000010,dnr_boating_access,globalid,35dfd86d-9647-4d0f-9dcb-5a9854b24447,same,-83.390063,42.646713,2026-10-06,active
spot,S-000010,dnr_boating_access,legacyid,A-63-011,same,-83.390063,42.646713,2026-10-06,active
spot,S-000011,dnr_boating_access,globalid,bcc52557-4feb-462c-9f55-ce1738b095e0,same,-83.366657,42.681947,2026-10-06,active
spot,S-000011,dnr_boating_access,legacyid,A-63-012,same,-83.366657,42.681947,2026-10-06,active
spot,S-000012,dnr_boating_access,globalid,8b58667d-68bf-4b66-b679-42d1b21c3ef6,same,-83.302299,42.815983,2026-10-06,active
spot,S-000012,dnr_boating_access,legacyid,A-63-013,same,-83.302299,42.815983,2026-10-06,active
spot,S-000013,dnr_boating_access,globalid,46640c18-d66e-4974-acd2-30bcfb5980fa,same,-83.155903,42.822330,2026-10-06,active
spot,S-000013,dnr_boating_access,legacyid,A-63-014,same,-83.155903,42.822330,2026-10-06,active
spot,S-000014,dnr_boating_access,globalid,5dd21378-7be8-4278-b123-c17fe0b2c61d,same,-83.198061,42.786590,2026-10-06,active
spot,S-000014,dnr_boating_access,legacyid,A-63-015,same,-83.198061,42.786590,2026-10-06,active
spot,S-000015,dnr_boating_access,globalid,0409c466-70e4-4a41-b470-9a7f6216590a,same,-83.429908,42.681652,2026-10-06,active
spot,S-000015,dnr_boating_access,legacyid,A-63-016,same,-83.429908,42.681652,2026-10-06,active
spot,S-000016,dnr_boating_access,globalid,749ae42e-dfaf-4a76-a788-afc9d35e3f03,same,-83.487846,42.634212,2026-10-06,active
spot,S-000016,dnr_boating_access,legacyid,A-63-017,same,-83.487846,42.634212,2026-10-06,active
spot,S-000017,dnr_boating_access,globalid,f8561be2-4e9e-4abd-bd4c-14b3503c10b7,same,-83.681253,42.714767,2026-10-06,active
spot,S-000017,dnr_boating_access,legacyid,A-63-018,same,-83.681253,42.714767,2026-10-06,active
spot,S-000018,dnr_boating_access,globalid,38e32089-9306-42cf-9f47-368250d0c814,same,-83.373701,42.617648,2026-10-06,active
spot,S-000018,dnr_boating_access,legacyid,A-63-020,same,-83.373701,42.617648,2026-10-06,active
spot,S-000019,dnr_boating_access,globalid,c554e177-299d-4f24-aa26-973983599a49,same,-83.442260,42.663354,2026-10-06,active
spot,S-000019,dnr_boating_access,legacyid,A-63-021,same,-83.442260,42.663354,2026-10-06,active
spot,S-000020,dnr_boating_access,globalid,2dcd3530-2536-4590-873f-5f81a9d0b832,same,-83.600386,42.651761,2026-10-06,active
spot,S-000020,dnr_boating_access,legacyid,A-63-022,same,-83.600386,42.651761,2026-10-06,active
spot,S-000021,dnr_boating_access,globalid,2faa85d6-ae4b-49f8-9a0d-418cbb8a33e4,same,-83.602948,42.611542,2026-10-06,active
spot,S-000021,dnr_boating_access,legacyid,A-63-023,same,-83.602948,42.611542,2026-10-06,active
spot,S-000022,dnr_boating_access,globalid,d150e7fe-860f-406c-9d4d-920382e20e9c,same,-83.608539,42.619998,2026-10-06,active
spot,S-000022,dnr_boating_access,legacyid,A-63-024,same,-83.608539,42.619998,2026-10-06,active
spot,S-000023,dnr_boating_access,globalid,50b908ef-d87c-4a47-a5ed-8e23ba6b5405,same,-83.547672,42.628281,2026-10-06,active
spot,S-000023,dnr_boating_access,legacyid,A-63-025,same,-83.547672,42.628281,2026-10-06,active
spot,S-000024,dnr_boating_access,globalid,2c72a4da-ed52-4bbd-a1ac-87f6fd4d3239,same,-83.526004,42.568208,2026-10-06,active
spot,S-000024,dnr_boating_access,legacyid,A-63-027,same,-83.526004,42.568208,2026-10-06,active
spot,S-000025,dnr_boating_access,globalid,d62e9008-b7da-429a-9ad2-0779118a410b,same,-83.528270,42.811963,2026-10-06,active
spot,S-000025,dnr_boating_access,legacyid,A-63-028,same,-83.528270,42.811963,2026-10-06,active
spot,S-000026,dnr_boating_access,globalid,b3acccae-3bc9-4cd7-b0b0-74b94618d22e,same,-83.599015,42.815277,2026-10-06,active
spot,S-000026,dnr_boating_access,legacyid,A-63-029,same,-83.599015,42.815277,2026-10-06,active
spot,S-000027,dnr_boating_access,globalid,fa803641-b0bd-4358-a4ad-f35c7a9ba6cc,same,-83.520665,42.801677,2026-10-06,active
spot,S-000027,dnr_boating_access,legacyid,A-63-032,same,-83.520665,42.801677,2026-10-06,active
spot,S-000028,dnr_boating_access,globalid,306768bf-8b2e-4643-8c64-ac30c7a1596e,same,-83.190425,42.786211,2026-10-06,active
spot,S-000028,dnr_boating_access,legacyid,A-63-033,same,-83.190425,42.786211,2026-10-06,active
spot,S-000029,dnr_boating_access,globalid,cf4f0d3e-194f-48fb-9940-e2d21f77f6e6,same,-83.230255,42.737015,2026-10-06,active
spot,S-000029,dnr_boating_access,legacyid,A-63-034,same,-83.230255,42.737015,2026-10-06,active
spot,S-000030,dnr_boating_access,globalid,31fe84d9-33a3-4299-b802-cd7693f7d35a,same,-83.677593,42.810104,2026-10-06,active
spot,S-000030,dnr_boating_access,legacyid,A-63-035,same,-83.677593,42.810104,2026-10-06,active
spot,S-000031,dnr_boating_access,globalid,117b38d9-b73b-4405-991a-b30e7eadd36c,same,-83.665957,42.809330,2026-10-06,active
spot,S-000031,dnr_boating_access,legacyid,A-63-036,same,-83.665957,42.809330,2026-10-06,active
spot,S-000032,dnr_boating_access,globalid,eddedf96-9227-4eef-bd97-df5ba4e84189,same,-83.216652,42.785041,2026-10-06,active
spot,S-000032,dnr_boating_access,legacyid,A-63-038,same,-83.216652,42.785041,2026-10-06,active
spot,S-000033,dnr_boating_access,globalid,e0ef5bc3-802c-4199-a128-0053055863d5,same,-83.201252,42.797625,2026-10-06,active
spot,S-000033,dnr_boating_access,legacyid,A-63-039,same,-83.201252,42.797625,2026-10-06,active
spot,S-000034,dnr_boating_access,globalid,eac0cc5e-930f-4e07-80a9-b9184b4bce94,same,-83.197624,42.783027,2026-10-06,active
spot,S-000034,dnr_boating_access,legacyid,A-63-040,same,-83.197624,42.783027,2026-10-06,active
spot,S-000035,dnr_boating_access,globalid,65231138-708f-4e21-b7b9-3a723fc506f7,same,-83.600196,42.838896,2026-10-06,active
spot,S-000035,dnr_boating_access,legacyid,A-63-041,same,-83.600196,42.838896,2026-10-06,active
spot,S-000036,dnr_boating_access,globalid,69eb616c-0944-4a88-94b0-398d648a630e,same,-83.425794,42.731458,2026-10-06,active
spot,S-000036,dnr_boating_access,legacyid,A-63-042,same,-83.425794,42.731458,2026-10-06,active
spot,S-000037,dnr_boating_access,globalid,a985a6e7-7a1f-4f3c-97c3-bdacf599164d,same,-83.445578,42.602538,2026-10-06,active
spot,S-000037,dnr_boating_access,legacyid,A-63-044,same,-83.445578,42.602538,2026-10-06,active
spot,S-000038,dnr_boating_access,globalid,3fdec75b-211a-4da2-898e-8b7f8c24edec,same,-83.525704,42.563981,2026-10-06,active
spot,S-000038,dnr_boating_access,legacyid,A-63-045,same,-83.525704,42.563981,2026-10-06,active
spot,S-000039,dnr_boating_access,globalid,fb53ba52-047c-4ce8-960c-6a0af2a01700,same,-83.559300,42.574042,2026-10-06,active
spot,S-000039,dnr_boating_access,legacyid,A-63-046,same,-83.559300,42.574042,2026-10-06,active
